name,testMethods,snapshotTestMethods,assertions,snapshotAssertions,hasOnlyFileST,hasOnlyInlineST,hasBothST
rebassjs/grid,13,13,24,13,1,0,0
nitin42/making-a-custom-react-renderer,2,2,2,2,1,0,0
prettier/tslint-config-prettier,6,6,12,6,1,0,0
plus1tv/react-anime,4,4,4,4,1,0,0
reactjsresources/react-webpack-babel,1,1,1,1,1,0,0
mateodelnorte/meta,19,18,20,18,1,0,0
geekyants/react-native-easy-grid,3,3,3,3,1,0,0
hyperfuse/react-anime,1,1,1,1,1,0,0
nmfr/optimize-css-assets-webpack-plugin,5,1,11,1,1,0,0
webpack-contrib/file-loader,52,41,164,141,1,0,0
googlechromelabs/prerender-loader,11,7,26,7,1,0,0
kaimallea/ismobile,210,2,210,2,0,1,0
markusenglund/react-switch,14,5,17,5,1,0,0
webpack-contrib/url-loader,67,63,241,234,1,0,0
ikatyang/emoji-cheat-sheet,1,1,1,1,0,1,0
privatenumber/esbuild-loader,46,21,168,34,1,0,0
produck/svg-captcha,17,4,26,4,1,0,0
peggyrayzis/react-native-create-bridge,36,36,36,36,1,0,0
feathericons/feather,16,12,26,20,1,0,0
johnagan/clean-webpack-plugin,43,1,136,1,0,1,0
css-modules/postcss-modules,15,5,19,6,1,0,0
react-cropper/react-cropper,9,1,24,1,1,0,0
kaorun343/vue-property-decorator,63,2,81,2,0,1,0
souporserious/react-measure,7,2,18,4,1,0,0
tailwindlabs/tailwindcss-custom-forms,27,27,27,27,0,1,0
styled-components/jest-styled-components,63,6,65,12,0,0,1
kolodny/immutability-helper,82,2,128,2,1,0,0
mozmorris/react-webcam,2,1,2,1,1,0,0
cwise89/react-detect-offline,13,6,14,6,1,0,0
ankurk91/vue-loading-overlay,9,3,15,3,1,0,0
jsdf/react-native-htmlview,15,15,15,15,1,0,0
apexcharts/react-apexcharts,2,1,1,1,1,0,0
qrohlf/trianglify,27,4,45,4,1,0,0
arb/celebrate,41,4,81,4,1,0,0
michelebertoli/react-automata,26,1,37,1,1,0,0
buildo/react-placeholder,27,27,53,31,1,0,0
surnet/swagger-jsdoc,46,11,61,11,1,0,0
beefe/react-native-actionsheet,3,2,3,2,1,0,0
nadeesha/ts-prune,15,3,16,3,0,1,0
arackaf/customize-cra,52,39,72,39,1,0,0
didierfranc/react-waterfall,7,2,12,3,1,0,0
umijs/hox,11,10,25,19,1,0,0
calibreapp/image-actions,5,2,6,2,1,0,0
egoist/vue-content-loader,17,1,37,1,1,0,0
taskrabbit/react-native-parsed-text,15,8,30,11,0,1,0
americanexpress/react-albus,19,6,25,6,1,0,0
jsonresume/resume-cli,18,11,18,11,0,1,0
mobxjs/mobx-react-lite,95,5,289,6,0,0,1
kidjp85/react-id-swiper,40,24,51,24,1,0,0
caiogondim/logdown.js,81,3,122,3,1,0,0
agraboso/redux-api-middleware,99,58,126,62,1,0,0
trivago/parallel-webpack,60,5,58,5,1,0,0
dai-shi/use-context-selector,6,3,12,6,1,0,0
jamiebuilds/react-loadable,14,14,30,30,1,0,0
prettier/eslint-config-prettier,21,9,24,9,0,1,0
remarkablemark/html-react-parser,71,36,92,36,0,1,0
jiayihu/pretty-algorithms,55,4,78,4,1,0,0
styled-components/styled-theming,6,2,16,4,1,0,0
hashicorp/next-mdx-remote,19,13,30,13,0,1,0
swc-project/swc-node,23,2,2,2,0,1,0
wei/pull,27,1,115,1,1,0,0
americanexpress/jest-image-snapshot,97,1,237,1,1,0,0
gilbarbara/react-inlinesvg,38,31,91,35,1,0,0
webpack-contrib/compression-webpack-plugin,50,48,182,164,1,0,0
trojanowski/react-apollo-hooks,49,31,160,63,0,1,0
kefranabg/readme-md-generator,104,2,148,2,1,0,0
babel/babel-upgrade,39,37,44,38,1,0,0
webpack-contrib/worker-loader,48,46,224,168,1,0,0
paratron/hookrouter,8,4,17,4,1,0,0
webpack-contrib/uglifyjs-webpack-plugin,87,84,349,252,1,0,0
brh55/react-native-masonry,6,1,13,1,1,0,0
tameemsafi/typewriterjs,90,17,158,18,1,0,0
seatgeek/react-infinite,92,20,138,22,1,0,0
jeffijoe/typesync,31,1,54,1,0,1,0
glennreyes/react-countup,37,9,34,9,1,0,0
haroenv/holmes,40,1,46,1,1,0,0
webpack-contrib/install-webpack-plugin,67,19,142,19,1,0,0
googlechromelabs/size-plugin,6,6,15,6,1,0,0
react-native-community/releases,7,1,9,1,1,0,0
streamich/git-cz,8,2,7,2,1,0,0
gothinkster/vue-realworld-example-app,19,1,27,1,1,0,0
mrmckeb/typescript-plugin-css-modules,29,14,54,14,1,0,0
nitin42/react-imgpro,4,3,4,3,1,0,0
bluebill1049/react-simple-animate,30,5,51,5,1,0,0
beekai-oss/react-simple-animate,31,5,53,5,1,0,0
mobxjs/mobx-react,106,6,215,7,0,0,1
markdalgleish/static-site-generator-webpack-plugin,2,1,2,1,1,0,0
junedomingo/react-native-rename,5,4,4,4,1,0,0
hibiken/react-places-autocomplete,29,5,49,5,1,0,0
webpack-contrib/extract-text-webpack-plugin,21,1,22,1,1,0,0
react-ga/react-ga,128,1,307,1,0,1,0
storybookjs/react-treebeard,17,1,17,1,1,0,0
neptunian/react-photo-gallery,10,2,10,2,1,0,0
cacjs/cac,10,1,15,1,1,0,0
chimurai/http-proxy-middleware,168,6,223,6,0,1,0
rahuldkjain/github-profile-readme-generator,78,60,100,60,1,0,0
maronato/vue-toastification,201,43,457,45,1,0,0
amilajack/eslint-plugin-compat,11,8,13,9,0,0,1
apollographql/apollo-cache-persist,14,4,21,4,1,0,0
infinitered/nsfwjs,7,1,8,1,1,0,0
wellyshen/react-cool-starter,30,15,32,15,1,0,0
faceyspacey/react-universal-component,65,24,147,61,1,0,0
nitin42/redocx,52,52,52,52,1,0,0
alexkuz/react-input-enhancements,12,12,12,12,1,0,0
react-dropzone/react-dropzone,141,1,400,1,1,0,0
googlechromelabs/critters,28,13,53,14,1,0,0
danilowoz/react-content-loader,94,20,151,22,1,0,0
atomiks/tippyjs-react,37,4,68,5,1,0,0
roman01la/html-to-react-components,9,8,9,8,1,0,0
anthonyjgrove/react-google-login,48,24,48,24,1,0,0
strml/react-resizable,18,2,38,2,1,0,0
stereobooster/react-snap,52,1,91,1,1,0,0
coryhouse/react-slingshot,64,2,83,2,1,0,0
staylor/react-helmet-async,224,125,992,163,1,0,0
supasate/connected-react-router,53,2,76,2,1,0,0
testshallpass/react-native-dropdownalert,78,1,146,1,1,0,0
andarist/react-textarea-autosize,2,2,2,2,1,0,0
vitalets/react-native-extended-stylesheet,91,1,146,1,1,0,0
react-grid-layout/react-resizable,21,2,50,2,1,0,0
webpack-contrib/webpack-serve,83,64,124,80,1,0,0
carloscuesta/gitmoji-cli,111,17,142,17,1,0,0
webpack/tapable,50,19,128,28,1,0,0
ashutosh00710/github-readme-activity-graph,9,3,34,4,1,0,0
paularmstrong/normalizr,71,56,116,96,1,0,0
fb55/htmlparser2,89,19,54,19,1,0,0
formidablelabs/react-swipeable,28,2,113,4,1,0,0
th3rdwave/react-native-safe-area-context,11,8,13,9,1,0,0
nuxt-community/pwa-module,6,3,6,3,1,0,0
mobxjs/mobx-utils,96,4,608,5,0,0,1
balajmarius/svg2jsx,15,15,40,15,1,0,0
webpack-contrib/postcss-loader,89,77,314,226,1,0,0
salesforce-ux/theo,88,29,97,29,1,0,0
webpack-contrib/copy-webpack-plugin,203,11,88,41,1,0,0
pankod/next-boilerplate,28,7,28,7,1,0,0
omgovich/react-colorful,77,5,130,5,1,0,0
zpao/qrcode.react,5,2,5,2,1,0,0
lydell/eslint-plugin-simple-import-sort,1,1,2,1,1,0,0
risingstack/react-easy-state,69,9,191,27,1,0,0
vvo/iron-session,33,23,57,35,0,1,0
shipitjs/shipit,145,3,265,3,0,1,0
banga/git-split-diffs,58,17,86,18,0,0,1
facebookarchive/rebound-js,20,2,41,4,1,0,0
egoist/bili,1,1,1,1,1,0,0
yiminghe/async-validator,98,7,194,8,0,1,0
probot/probot,116,7,133,7,1,0,0
webpack-contrib/html-loader,48,46,247,230,1,0,0
sequelize/umzug,94,7,225,16,0,1,0
cristianbote/goober,101,5,171,7,0,0,1
jacklam718/react-native-modals,8,8,24,24,1,0,0
rpearce/image-zoom,20,18,81,32,1,0,0
denisraslov/react-spreadsheet-grid,14,14,14,14,1,0,0
dai-shi/react-hooks-global-state,20,13,105,92,1,0,0
prisma-labs/graphql-request,66,6,83,6,0,0,1
sergiodxa/remix-utils,149,10,257,10,0,1,0
jmcdo29/testing-nestjs,205,2,265,2,0,1,0
paullecam/react-leaflet,61,10,116,13,1,0,0
jeffijoe/awilix,148,7,313,9,1,0,0
okonet/lint-staged,227,58,476,64,0,0,1
algolia/places,136,3,271,3,1,0,0
ai/size-limit,166,67,233,70,1,0,0
webpack-contrib/style-loader,99,92,246,208,1,0,0
vkbansal/react-contextmenu,17,2,46,4,1,0,0
fossasia/open-event-next,1,1,1,1,1,0,0
webpack-contrib/terser-webpack-plugin,208,206,785,624,1,0,0
frontend-collective/react-image-lightbox,29,1,45,1,1,0,0
argos-ci/jest-puppeteer,82,1,184,1,1,0,0
probablyup/markdown-to-jsx,184,175,219,181,0,0,1
sokra/rawact,17,17,20,20,1,0,0
leandrowd/react-responsive-carousel,117,17,185,17,1,0,0
yjose/reactjs-popup,38,1,63,1,1,0,0
onderceylan/pwa-asset-generator,40,18,44,18,1,0,0
elegantapp/pwa-asset-generator,40,18,44,18,1,0,0
webpack-contrib/sass-loader,154,148,630,431,1,0,0
ctrlplusb/react-universally,22,4,23,4,1,0,0
sveltejs/svelte-preprocess,131,6,187,6,0,1,0
immerjs/immer,322,4,797,8,0,0,1
sparkpost/heml,1,1,1,1,1,0,0
steveruizok/perfect-freehand,7,2,9,3,1,0,0
axe312ger/sqip,60,25,126,27,1,0,0
googlemaps/google-maps-services-js,95,5,209,5,0,1,0
hql287/manta,375,17,709,17,1,0,0
wolox/react-chat-widget,13,2,13,2,1,0,0
francoischalifour/medium-zoom,105,23,224,24,1,0,0
facebook/jscodeshift,149,1,277,1,1,0,0
rgommezz/react-native-offline,123,6,159,6,1,0,0
louisbarranqueiro/reapop,41,26,85,49,1,0,0
webpack/webpack-dev-middleware,228,38,553,76,1,0,0
hypeserver/react-date-range,12,2,38,2,1,0,0
rebassjs/rebass,46,10,82,10,1,0,0
rnosov/react-reveal,22,22,22,22,1,0,0
iamvishnusankar/next-sitemap,42,6,68,6,0,1,0
xiaolin/react-image-gallery,1,1,1,1,1,0,0
jest-community/jest-extended,436,22,698,22,1,0,0
znck/grammarly,2,2,2,2,0,0,1
nitin42/terminal-in-react,3,2,3,2,1,0,0
pankod/superplate,18,1,18,1,0,1,0
arqex/react-datetime,147,25,320,25,1,0,0
alxshelepenok/gatsby-starter-lumen,45,25,134,25,1,0,0
wei/socialify,8,7,43,7,1,0,0
infinitered/gluegun,189,1,445,1,1,0,0
fkhadra/react-toastify,108,4,201,4,1,0,0
vuelidate/vuelidate,421,2,907,2,1,0,0
raphamorim/react-ape,30,4,87,4,1,0,0
vuese/vuese,55,28,373,112,1,0,0
react-boilerplate/react-boilerplate-cra-template,99,27,128,27,1,0,0
react-native-webview/react-native-webview,9,1,32,1,1,0,0
mengxiong10/vue2-datepicker,66,12,142,12,1,0,0
computerjazz/react-native-draggable-flatlist,3,1,3,1,1,0,0
gregberge/loadable-components,91,56,141,56,0,0,1
btd/rollup-plugin-visualizer,2,1,6,3,1,0,0
gitify-app/gitify,127,19,237,31,1,0,0
manosim/gitify,124,19,228,31,1,0,0
reach/router,79,7,68,7,1,0,0
peerigon/updtr,219,79,325,105,1,0,0
popperjs/popper-core,139,14,198,24,1,0,0
svg-sprite/svg-sprite,350,15,618,15,1,0,0
gielcobben/caption,7,7,7,7,1,0,0
reacttooltip/react-tooltip,17,12,48,12,1,0,0
rtfpessoa/diff2html,93,69,93,69,0,1,0
gilbarbara/react-joyride,125,64,280,64,1,0,0
actualbudget/actual-server,79,4,107,4,0,1,0
chanind/hanzi-writer,186,9,603,9,1,0,0
lostpebble/pullstate,10,4,11,4,1,0,0
styled-system/styled-system,161,4,181,4,1,0,0
marp-team/marp-vscode,164,13,459,13,0,1,0
rcaferati/react-native-really-awesome-button,10,2,14,2,1,0,0
signavio/react-mentions,71,4,118,8,1,0,0
express-validator/express-validator,259,4,461,4,1,0,0
tonaljs/tonal,257,2,652,2,0,1,0
dai-shi/react-tracked,16,16,188,188,1,0,0
shopify/slate,128,4,190,9,1,0,0
jxnblk/mdx-deck,26,9,29,9,1,0,0
oscarmorrison/md-page,18,18,18,18,1,0,0
nytimes/kyt,100,10,224,14,1,0,0
siimon/prom-client,221,5,620,5,1,0,0
bartonhammond/snowflake,85,7,137,7,1,0,0
octolinker/octolinker,166,33,186,33,1,0,0
streamich/memfs,314,3,465,3,1,0,0
react-boilerplate/react-boilerplate,293,20,356,20,1,0,0
maxchehab/phelia,105,99,110,99,1,0,0
poooi/poi,23,1,35,1,1,0,0
frontend-collective/react-sortable-tree,104,1,199,1,1,0,0
typegoose/typegoose,301,77,1032,80,1,0,0
nestjs/nest-cli,49,2,61,2,1,0,0
mattallty/caporal.js,204,13,346,13,1,0,0
testing-library/dom-testing-library,283,30,643,37,0,0,1
aksonov/react-native-router-flux,5,3,3,3,1,0,0
kentcdodds/bookshelf,24,3,69,3,0,1,0
nvh95/jest-preview,24,2,34,2,0,1,0
jlalmes/trpc-openapi,102,32,475,57,0,1,0
rcaferati/react-awesome-button,6,4,4,4,1,0,0
hiroppy/fusuma,27,27,30,30,1,0,0
grid-js/gridjs,182,36,365,36,1,0,0
kriasoft/nodejs-api-starter,7,4,12,4,1,0,0
graphile/worker,65,6,418,6,0,0,1
nachos-ui/nachos-ui,31,31,31,31,1,0,0
jondot/hygen,37,14,60,14,1,0,0
seek-oss/capsize,29,26,29,26,0,1,0
vsmode/pixel8,7,2,19,3,1,0,0
node-gh/gh,61,42,70,42,0,0,1
inlet/react-pixi,165,10,360,11,1,0,0
casesandberg/reactcss,21,3,22,3,1,0,0
urigo/graphql-scalars,845,18,1064,18,0,0,1
gregberge/svgr,156,126,181,135,0,0,1
jquense/yup,233,1,524,1,0,1,0
react-component/calendar,124,13,321,17,1,0,0
posva/pinia,159,2,497,4,0,1,0
iterative/cml,104,20,149,20,0,1,0
anuraghazra/github-readme-stats,145,5,326,9,0,0,1
dimatill/graphql-shield,61,1,121,1,1,0,0
amzn/style-dictionary,447,75,703,75,1,0,0
wechat-miniprogram/weui-miniprogram,57,25,99,40,1,0,0
maticzav/graphql-shield,60,1,117,1,1,0,0
jhen0409/react-native-debugger,20,5,37,13,1,0,0
toomuchdesign/re-reselect,34,1,56,1,1,0,0
atlassian/changesets,254,13,548,19,0,0,1
ferdikoomen/openapi-typescript-codegen,180,2,487,2,1,0,0
bearer/pizzly,230,56,228,58,0,0,1
enisdenjo/graphql-ws,132,2,278,6,0,0,1
remix-run/react-router,263,109,395,115,0,0,1
stoplightio/prism,489,13,618,13,1,0,0
shikijs/shiki,49,22,94,22,1,0,0
seek-oss/treat,64,55,71,55,0,0,1
elderjs/elderjs,237,24,390,29,0,0,1
faceyspacey/redux-first-router,95,20,219,22,1,0,0
preconstruct/preconstruct,201,172,270,202,0,1,0
xotahal/react-native-material-ui,28,25,37,25,1,0,0
4catalyzer/astroturf,45,2,78,2,0,1,0
moment/luxon,980,1,2698,1,0,1,0
juliomrqz/statusfy,25,8,61,11,1,0,0
astroturfcss/astroturf,45,2,78,2,0,1,0
jsxstyle/jsxstyle,100,59,191,88,0,0,1
conventional-changelog/commitlint,952,2,1349,2,0,1,0
pugjs/pug,206,23,369,25,1,0,0
kriasoft/graphql-starter,6,3,11,3,1,0,0
faridsafi/react-native-gifted-chat,29,27,29,27,1,0,0
changesets/changesets,321,38,682,48,0,0,1
clintonwoo/hackernews-react-graphql,64,5,65,5,1,0,0
instea/react-native-popup-menu,103,1,203,1,1,0,0
ealush/vest,1000,64,1875,90,0,0,1
ant-design/ant-design-pro,2,2,3,2,1,0,0
atomiks/tippyjs,299,11,531,11,1,0,0
i18next/react-i18next,113,52,137,52,0,1,0
downshift-js/downshift,738,37,1366,37,0,0,1
dotansimha/graphql-yoga,66,6,146,6,0,1,0
kulshekhar/ts-jest,240,45,501,52,0,0,1
vercel/swr,322,4,339,5,0,1,0
paypal/glamorous,93,39,165,50,1,0,0
alura/techguide,1,1,1,1,1,0,0
roxiness/routify,135,7,190,8,1,0,0
pmndrs/react-three-fiber,100,5,350,6,1,0,0
matvp91/indigo-player,21,1,43,1,1,0,0
react-figma/react-figma,211,144,255,147,1,0,0
gaearon/react-hot-loader,208,2,676,2,1,0,0
react-materialize/react-materialize,227,104,278,105,1,0,0
autodesk/react-base-table,22,22,22,22,1,0,0
datopian/portal.js,7,2,3,2,1,0,0
kong/httpsnippet,35,1,79,1,1,0,0
gregberge/xstyled,220,4,451,4,0,1,0
styled-components/xstyled,220,4,451,4,0,1,0
ctrlplusb/easy-peasy,193,4,419,4,0,0,1
awslabs/diagram-maker,699,91,785,91,1,0,0
iodide-project/iodide,337,1,528,1,1,0,0
frenic/csstype,24,17,69,17,1,0,0
jest-community/eslint-plugin-jest,17,1,28,1,1,0,0
happy-coding-clans/vue-easytable,256,47,618,47,1,0,0
googlechrome/lighthouse-ci,492,62,939,118,0,1,0
frctl/fractal,246,22,312,22,1,0,0
vuejs/vue-router-next,584,11,865,13,0,0,1
algolia/algoliasearch-client-javascript,224,2,629,2,0,1,0
vagr9k/gatsby-advanced-starter,132,36,274,43,1,0,0
namespace-ee/react-calendar-timeline,185,16,266,16,1,0,0
elemefe/element-react,98,2,218,3,1,0,0
ssense/vue-carousel,109,33,160,33,1,0,0
twilio/twilio-video-app-react,597,29,877,29,0,0,1
marp-team/marp-cli,351,7,895,9,0,1,0
integrations/slack,436,224,650,282,0,0,1
trpc/trpc,198,90,517,153,0,1,0
kentcdodds/testing-workshop,134,22,324,26,1,0,0
nodejs/nodejs.dev,239,110,312,110,1,0,0
alibaba/chatui,280,2,373,2,1,0,0
alibaba/bizcharts,157,79,215,79,1,0,0
cloud-annotations/cloud-annotations,9,7,16,14,0,1,0
michmich/magicmirror,203,9,234,9,1,0,0
couds/react-bulma-components,272,257,295,267,1,0,0
infinitered/ignite,48,16,160,31,0,0,1
jbetancur/react-data-table-component,229,114,294,114,1,0,0
webpack-contrib/mini-css-extract-plugin,52,38,203,121,0,0,1
graphile/starter,52,16,166,16,0,1,0
shoutem/ui,6,1,1,1,1,0,0
lingui/js-lingui,372,87,606,98,0,0,1
airbnb/react-sketchapp,135,50,232,50,1,0,0
keajs/kea,154,1,816,1,1,0,0
jest-community/vscode-jest,581,5,1567,7,0,1,0
hedgedoc/hedgedoc,411,1,864,1,0,1,0
seek-oss/vanilla-extract,192,156,233,191,0,0,1
cloudflare/cf-ui,274,176,464,299,1,0,0
danger/danger-js,606,68,843,68,0,0,1
streamich/libreact,174,19,270,19,1,0,0
yoctol/messaging-apis,681,4,1381,4,1,0,0
bottenderjs/messaging-apis,681,4,1381,4,1,0,0
outline/rich-markdown-editor,37,23,43,25,1,0,0
jsonhero-io/jsonhero-web,14,10,33,11,0,1,0
tailwindlabs/tailwindcss,668,6,925,6,0,0,1
styleguidist/react-styleguidist,620,184,791,188,0,0,1
svg/svgo,93,5,142,6,0,1,0
foliojs/pdfkit,141,1,278,1,0,1,0
garmeeh/next-seo,139,5,335,5,1,0,0
system-ui/theme-ui,307,70,410,71,0,0,1
apihero-run/jsonhero-web,19,10,46,11,0,1,0
krisk/fuse,113,15,177,15,1,0,0
messageformat/messageformat,367,12,552,12,1,0,0
llk/scratch-gui,369,5,678,5,1,0,0
scratchfoundation/scratch-gui,369,5,678,5,1,0,0
callstack/haul,76,12,262,12,1,0,0
graphql-compose/graphql-compose,972,6,2610,7,0,1,0
triggerdotdev/jsonhero-web,19,10,46,11,0,1,0
wasdk/webassemblystudio,834,13,1778,13,1,0,0
selfrefactor/rambda,1488,6,1496,6,0,0,1
alibaba/rax,603,1,1329,3,1,0,0
blocks/blocks,52,1,65,1,1,0,0
react-native-community/cli,224,30,268,34,0,0,1
davidkpiano/xstate,664,16,870,16,0,0,1
boardgameio/boardgame.io,810,1,1689,1,0,1,0
webpack/webpack-dev-server,560,390,1565,1029,1,0,0
sofn-xyz/mailing,180,16,430,16,1,0,0
salesforce-ux/design-system,1388,10,209,10,1,0,0
electron/fiddle,740,46,1102,52,1,0,0
alibaba/hooks,330,1,1201,6,1,0,0
phodal/growth,69,60,74,60,1,0,0
vanilla-extract-css/vanilla-extract,244,207,306,257,0,0,1
scullyio/scully,127,12,164,15,1,0,0
platane/snk,31,1,40,1,1,0,0
redocly/redoc,213,37,420,42,0,0,1
babel/minify,42,18,51,20,1,0,0
react-tags/react-tags,82,4,110,4,1,0,0
mapsplugin/cordova-plugin-googlemaps,46,7,54,8,1,0,0
millihq/terraform-aws-next-js,211,3,660,3,1,0,0
gridsome/gridsome,487,26,1718,27,1,0,0
primer/components,365,65,581,77,1,0,0
jondot/react-flight,1,1,3,1,1,0,0
jaredpalmer/razzle,129,2,202,2,1,0,0
birkir/prime,111,1,150,1,1,0,0
jupyterlab/jupyterlab-git,130,1,228,2,1,0,0
imcuttle/mometa,155,14,76,16,0,0,1
algolia/autocomplete,701,40,1122,58,0,1,0
patrickhulce/third-party-web,28,3,55,3,0,0,1
statelyai/xstate,921,27,1015,33,0,0,1
kyleamathews/typography.js,25,10,43,10,1,0,0
dflex-js/dflex,325,39,537,54,0,0,1
hospitalrun/hospitalrun-frontend,760,2,1539,2,0,1,0
nitin42/react-perf-devtool,19,10,19,10,1,0,0
jlfwong/speedscope,180,2,167,4,1,0,0
auth0/lock,739,171,876,172,1,0,0
statoscope/statoscope,178,105,400,179,0,0,1
open-source-labs/reactype,80,3,121,3,1,0,0
tanstack/react-table,74,4,198,8,1,0,0
apollographql/apollo-tooling,515,176,832,197,0,0,1
modern-js-dev/garfish,204,8,625,12,1,0,0
infernojs/inferno,1923,14,6394,14,1,0,0
automattic/simplenote-electron,72,1,110,1,1,0,0
nuxt/nuxt.js,919,9,2389,9,1,0,0
coinbase/rest-hooks,958,247,2097,377,0,0,1
web-infra-dev/garfish,231,11,714,15,1,0,0
diegomura/react-pdf,1687,33,9822,33,1,0,0
alangpierce/sucrase,617,1,12,1,0,1,0
jedwatson/react-select,98,5,143,5,1,0,0
react-hook-form/react-hook-form,785,7,1567,7,0,0,1
typescripttolua/typescripttolua,1089,4,218,4,1,0,0
formkit/formkit,895,2,1558,2,1,0,0
tulios/kafkajs,1021,4,1888,4,1,0,0
ant-design/ant-design-mobile-rn,32,2,39,2,1,0,0
snowpackjs/snowpack,273,37,451,51,0,0,1
withastro/snowpack,273,37,451,51,0,0,1
fredkschott/snowpack,273,37,451,51,0,0,1
nhn/tui.calendar,417,2,779,2,0,0,1
geist-org/react,432,150,854,172,1,0,0
sql-formatter-org/sql-formatter,443,19,493,19,1,0,0
chakra-ui/chakra-ui-vue,195,79,291,87,1,0,0
carbon-design-system/carbon-components-react,1120,80,1534,91,0,0,1
zhihu/griffith,168,26,211,29,0,0,1
pmndrs/react-spring,195,17,457,17,0,0,1
mbraak/jqtree,441,3,520,3,1,0,0
michallytek/type-graphql,478,31,1239,32,0,1,0
reakit/reakit,757,238,2393,243,0,1,0
katex/katex,743,118,873,121,0,0,1
frontity/frontity,1304,447,2435,571,0,0,1
react-cosmos/react-cosmos,365,13,369,13,0,0,1
geist-org/geist-ui,444,154,899,178,1,0,0
vuedx/languagetools,183,6,521,8,0,1,0
znck/vue-developer-experience,139,48,299,48,0,1,0
react-bootstrap-table/react-bootstrap-table2,736,2,1376,2,1,0,0
vant-ui/vant-weapp,55,53,57,54,1,0,0
stylelint/stylelint,1029,11,1967,11,1,0,0
boostio/boostnote,134,19,314,21,1,0,0
boostio/boostnote-legacy,134,19,314,21,1,0,0
mikro-orm/mikro-orm,1431,109,7628,226,1,0,0
freecodecamp/chapter,128,4,207,4,1,0,0
primer/react,634,132,964,144,0,0,1
swagger-api/swagger-js,857,26,1271,26,1,0,0
fuse-box/fuse-box,737,286,991,286,0,0,1
seleniumhq/selenium-ide,1185,713,1678,728,1,0,0
youzan/vant-weapp,56,54,58,55,1,0,0
react-navigation/react-navigation,378,22,998,41,0,1,0
nhn/tui.editor,804,24,963,24,1,0,0
urigo/graphql-mesh,431,75,882,76,0,0,1
graphql-nexus/nexus,262,144,414,163,0,0,1
calendso/calendso,24,1,31,1,1,0,0
nteract/nteract,523,4,895,4,1,0,0
necolas/react-native-web,598,163,1103,198,0,0,1
transloadit/uppy,374,1,726,1,1,0,0
effector/effector,1784,1294,2558,1551,0,0,1
jaedb/iris,37,5,55,5,1,0,0
recharts/recharts,444,21,761,21,1,0,0
hashicorp/terraform-cdk,832,407,1287,435,0,0,1
greenkeeperio/greenkeeper,455,49,1878,68,1,0,0
ant-design/ant-design-mobile,441,44,801,53,1,0,0
radix-ui/primitives,196,2,134,2,1,0,0
casesandberg/react-color,121,59,180,59,1,0,0
segmentio/evergreen,317,19,432,19,0,0,1
callstack/react-native-paper,702,164,871,164,1,0,0
microsoft/botframework-emulator,1412,10,3090,10,0,1,0
remix-run/remix,475,63,1166,63,0,1,0
brimdata/zui,425,4,625,4,0,1,0
ant-design/ant-design,1395,267,2506,326,0,0,1
alibaba/formily,630,2,2602,7,1,0,0
pixijs/pixijs,1023,5,3755,5,1,0,0
brimdata/brim,556,6,812,6,0,1,0
microsoft/botframework-webchat,1032,88,882,96,0,1,0
freecodecamp/freecodecamp,447,28,678,28,1,0,0
invertase/react-native-firebase,176,17,229,17,1,0,0
smartxworks/sunmao-ui,137,9,322,10,0,1,0
chakra-ui/chakra-ui,570,113,1155,154,0,1,0
theatre-js/theatre,90,1,268,4,0,1,0
ln-zap/zap-desktop,484,290,518,290,1,0,0
shopify/hydrogen-v1,560,27,1024,41,0,1,0
salesforce/lwc,1732,2,3290,2,0,1,0
datacamp/datacamp-light,54,18,75,18,1,0,0
facebook/jest,3807,510,6187,633,0,0,1
jestjs/jest,4164,557,6874,683,0,0,1
silexlabs/silex,125,1,632,1,1,0,0
netlify/netlify-cms,1031,93,1443,94,0,0,1
decaporg/decap-cms,1031,93,1443,94,0,0,1
renovatebot/renovate,3575,1718,7089,2022,0,0,1
wix/react-native-ui-lib,550,43,930,53,1,0,0
expo/expo-cli,760,32,1320,40,0,0,1
netflix/falcor,447,2,753,2,0,1,0
grommet/grommet,1110,939,1833,1133,1,0,0
ant-design/pro-components,750,120,1473,127,0,0,1
seek-oss/braid-design-system,273,13,847,13,0,0,1
mycryptohq/mycrypto,1160,10,1534,10,1,0,0
pinterest/querybook,311,111,351,113,1,0,0
shopify/quilt,2129,34,3005,142,1,0,0
modern-js-dev/modern.js,945,65,1958,71,0,0,1
gqless/gqless,149,46,608,91,0,1,0
samdenty/gqless,149,46,608,91,0,1,0
vercel/vercel,835,10,1519,10,0,1,0
outline/outline,856,84,1852,86,1,0,0
magento/pwa-studio,3167,1087,4652,1146,0,0,1
destinyitemmanager/dim,36,4,78,5,0,0,1
adobe/react-spectrum,2536,1,10906,1,0,1,0
google/site-kit-wp,1936,16,3867,16,0,0,1
serverless-nextjs/serverless-next.js,1093,23,1538,23,1,0,0
mlaursen/react-md,1004,238,5436,678,0,0,1
oblador/loki,46,2,56,2,0,1,0
tusimple/naive-ui,924,70,1790,133,1,0,0
rubylouvre/anu,832,2,1788,2,1,0,0
release-drafter/release-drafter,110,64,200,64,0,1,0
metamask/metamask-mobile,561,197,704,209,1,0,0
remirror/remirror,1276,156,2321,190,0,0,1
lensapp/lens,2406,410,2783,410,1,0,0
strapi/strapi,2704,114,5079,118,0,0,1
facebook/docusaurus,1191,227,2041,296,0,0,1
douyinfe/semi-design,1197,1,2785,1,1,0,0
artsy/eigen,2583,139,4595,190,0,1,0
shopify/polaris,2841,5,3436,5,1,0,0
interactivethings/catalog,105,14,129,14,1,0,0
metamask/metamask-extension,2502,35,4392,47,1,0,0
posthog/posthog,1012,5,2026,5,1,0,0
rainbow-me/rainbow,233,10,46,10,0,1,0
yarnpkg/berry,1331,67,2002,81,1,0,0
algolia/react-instantsearch,1494,332,2992,367,0,0,1
algolia/instantsearch.js,1917,228,3803,288,0,0,1
mattermost/mattermost-mobile,594,62,1826,63,1,0,0
captbaritone/webamp,306,33,415,33,0,0,1
onivim/oni,495,17,688,17,1,0,0
sanity-io/sanity,846,164,1483,227,0,0,1
tencent/cherry-markdown,5,1,7,1,1,0,0
keystonejs/keystone,924,190,1753,210,0,0,1
algolia/instantsearch,4106,793,8084,943,0,0,1
kiwicom/orbit,416,54,999,63,0,0,1
kactus-io/kactus,705,4,1678,4,0,1,0
dimensiondev/maskbook,18,11,36,27,1,0,0
desktop/desktop,781,4,1895,4,0,1,0
wordpress/gutenberg,5185,564,8208,645,0,0,1
cartodb/cartodb,8037,179,14618,184,1,0,0
mattermost/mattermost-webapp,7679,1553,10744,1620,0,0,1
grafana/grafana,5857,225,10856,240,0,0,1
vercel/next.js,3425,208,5137,240,0,0,1
spritejs/spritejs,105,21,428,41,1,0,0
baidu/amis,830,419,2541,553,0,0,1
automattic/wp-calypso,11680,93,14734,96,0,0,1
devexpress/devextreme,7134,2,15744,2,0,1,0
opensearch-project/opensearch-dashboards,11414,1617,17937,1796,0,0,1
umijs/umi,427,25,577,26,0,0,1
react-syntax-highlighter/react-syntax-highlighter,48,37,51,37,1,0,0
elastic/kibana,48369,4187,77865,4689,0,0,1